index,tags,ukr_title,ukr_text,similar_titles,similar_idx,masked_text,masked_title,label
4251,"ssha,rosija,jaderna-zbroja",В РФ допустили припинення дії ядерного договору зі США після 2026 року,"В МЗС РФ заявили, що договір New START - Договір про стратегічне наступальне озброєння зі США може припинити свою дію після 2026 року. Про це в інтерв’ю РИА ""Новости"" заявив заступник глави МЗС Росії Сєргєй Рябков, повідомляє ""Європейська правда"" з посиланням на Reuters. ""Це цілком можливий сценарій"", - сказав Рябков. Російсько-американські переговори про відновлення інспекцій за новим договором СНО, термін дії якого закінчується в лютому 2026 року, були скасовані в останній момент у листопаді 2022 року. Жодна зі сторін не домовилася про часові рамки нових переговорів. Слід зазначити, що  Договір про стратегічне наступальне озброєння, який у 2021 році продовжили на 5 років, залишається єдиним діючим між РФ і США договором у сфері контролю озброєнь. Підписаний у 2010 році на 10 років, СНО-3 обмежує стратегічні носії та ядерні боєголовки РФ і США до 700 і 1550 відповідно. Договір може продовжуватись на термін в 5 років у разі доброї волі кожного з підписантів. Адміністрація Дональда Трампа не була налаштована на продовження договору, однак його наступник Джо Байден погодився продовжити дію New START.","['Посол США привіз до російського МЗС письмову відповідь на безпековий ультиматум РФ', 'Блінкен: Не видно, що Путін готовий зупинитися', 'Путін ""призупинив"" участь Росії в ключовому ядерному договорі зі США', 'Росія призупиняє участь у договорі про стратегічні наступальні озброєння – Путін', 'США мають дані, що Росія готує випробування торпеди з ядерним зарядом – CNN', 'США не бачать ознак переміщення ядерної зброї РФ до Білорусі', 'В РФ допустили припинення дії ядерного договору зі США після XXXX року', 'Стало відомо, чим Захід пригрозив Росії та змусив припинити ядерний шантаж – FT', 'Радник Байдена підтвердив контакти з Кремлем через російські ядерні погрози ', 'США вважають, що Іран просив допомоги Росії для своєї ядерної програми – CNN']","[7028, 1172, 144, 1314, 8463, 7207, 7729, 4332, 2856, 0]","В МЗС РФ заявили, що договір New START - Договір про стратегічне наступальне озброєння зі США може припинити свою дію після XXXX року. Про це в інтерв’ю РИА ""Новости"" заявив заступник глави МЗС Росії Сєргєй Рябков, повідомляє ""Європейська правда"" з посиланням на Reuters. ""Це цілком можливий сценарій"", - сказав Рябков. Російсько-американські переговори про відновлення інспекцій за новим договором СНО, термін дії якого закінчується в лютому XXXX року, були скасовані в останній момент у листопаді XXXX року. Жодна зі сторін не домовилася про часові рамки нових переговорів. Слід зазначити, що  Договір про стратегічне наступальне озброєння, який у XXXX році продовжили на X років, залишається єдиним діючим між РФ і США договором у сфері контролю озброєнь. Підписаний у XXXX році на XX років, СНО-X обмежує стратегічні носії та ядерні боєголовки РФ і США до XXX і XXXX відповідно. Договір може продовжуватись на термін в X років у разі доброї волі кожного з підписантів. Адміністрація Дональда Трампа не була налаштована на продовження договору, однак його наступник Джо Байден погодився продовжити дію New START.",В РФ допустили припинення дії ядерного договору зі США після XXXX року,6.0
4200,"zbroja,vagner,rosija,prigozhyn","Міноборони РФ розповіло, скільки і яких озброєнь здала ""ПВК Вагнер""","Міністерство оборони РФ заявило, що група ""Вагнер"" уже завершує передачу своїх озброєнь і військової техніки у Збройні сили. Йдеться про понад 2 тисячі одиниць. Джерело: пропагандисти з ""РИА Новости"" Деталі: Повідомляється, що серед іншого передано сотні танків, РСЗВ ""Град"", ""Ураган"", ЗРК ""Панцир"", самохідні артилерійські установки, бронетранспортери та інше. Також нібито прийнято понад 2,5 тис. тонн різних боєприпасів і близько 20 тис. одиниць стрілецького озброєння. Пропагандисти стверджують, що всю техніку та озброєння доправляють у тилові райони, де ремонтно-відновлювальні підрозділи ЗС РФ проводять техобслуговування і підготовку для подальшого використання. Опублікували навіть кадри приймання озброєнь. Міноборони РФ показало, як ""Вагнер"" нібито здає регулярним військам свої озброєння та техніку pic.twitter.com/mY0gRFC6WH","['Пригожин відповів Путіну: Ніхто не збирається приходити з повинною', 'У Росії через заколот затримали XX офіцерів, зокрема Суровікіна – WSJ', 'РДК і ""Свобода Росії"" закликали прихильників до дій: Розверніть зброю на вежі Кремля', 'Пригожину повернули його мільярди конфіскованої готівки – ЗМІ РФ', 'Міноборони РФ розповіло, скільки і яких озброєнь здала ""ПВК Вагнер""', 'Пригожин ""легалізував"" назву ""ПВК Вагнер"" у Росії', '""Путіна не було ніде"": ЗМІ дізналися, як проходили переговори з Пригожиним', 'Пригожин заявив, що його ПВК скоро може зникнути: ""вагнерівці"" закінчуються ', 'Пригожин не вивів ""вагнерівців"" із Бахмута, бо залежить від Міноборони Росії – ISW', 'Пригожин показав ряди трупів ""вагнерівців"" та обматюкав Герасимова і Шойгу']","[5829, 6593, 5810, 2277, 920, 2232, 329, 9026, 3490, 1]","Міністерство оборони РФ заявило, що група ""Вагнер"" уже завершує передачу своїх озброєнь і військової техніки у Збройні сили. Йдеться про понад X тисячі одиниць. Джерело: пропагандисти з ""РИА Новости"" Деталі: Повідомляється, що серед іншого передано сотні танків, РСЗВ ""Град"", ""Ураган"", ЗРК ""Панцир"", самохідні артилерійські установки, бронетранспортери та інше. Також нібито прийнято понад X,X тис. тонн різних боєприпасів і близько XX тис. одиниць стрілецького озброєння. Пропагандисти стверджують, що всю техніку та озброєння доправляють у тилові райони, де ремонтно-відновлювальні підрозділи ЗС РФ проводять техобслуговування і підготовку для подальшого використання. Опублікували навіть кадри приймання озброєнь. Міноборони РФ показало, як ""Вагнер"" нібито здає регулярним військам свої озброєння та техніку pic.twitter.com/mYXgRFCXWH","Міноборони РФ розповіло, скільки і яких озброєнь здала ""ПВК Вагнер""",4.0
8422,"musk,trump,sotsmerezhi",Після опитування Маск відновив аккаунт Трампа у Twitter,"Власник Twitter Ілон Маск після опитування розблокував аккаунт експрезидента Штатів Дональда Трампа у Twitter. Джерело: Маск у Twitter Пряма мова: ""Люди висловилися. Трампа буде відновлено (у Twitter – ред.)"". Деталі: В опитуванні було підраховано трохи більше 15 мільйонів голосів, з яких 51,8% проголосували за поновлення аккаунта. При цьому Маск визнав, що на кількість голосів мають вплив так звані ""боти"". Після розблокування кількість підписників Трампа у Twitter невпинно зростає. The people have spoken. Trump will be reinstated.Vox Populi, Vox Dei. https://t.co/jmkhFuyfkv","['Зеленський закликав Трампа подивитися на війну в Україні без рожевих окулярів', 'Twitter повертає знаменитостям ""синю галочку"" без сплати за підписку – ЗМІ', 'Розслідування ФБР може обернутися для Трампа ув’язненням – Politico', 'Маск знайшов виправдання своїй позиції щодо РФ: Конгрес США не оголошував війну Росії', 'Після опитування Маск відновив аккаунт Трампа у Twitter', 'Зеленський запросив в Україну Трампа, щоб пояснити неможливість його ""мирного плану""', 'Статки Маска впали нижче $XXX млрд', 'Кадиров заступився за Путіна перед Ілоном Маском: запросив у Чечню', 'У Конгресі рекомендували оголосити кримінальні обвинувачення Трампу через штурм Капітолія', 'Маск розкритикував український контрнаступ: Багато смертей за малу територію']","[1329, 2130, 7294, 5046, 5644, 824, 3806, 2003, 205, 2]","Власник Twitter Ілон Маск після опитування розблокував аккаунт експрезидента Штатів Дональда Трампа у Twitter. Джерело: Маск у Twitter Пряма мова: ""Люди висловилися. Трампа буде відновлено (у Twitter – ред.)"". Деталі: В опитуванні було підраховано трохи більше XX мільйонів голосів, з яких XX,X% проголосували за поновлення аккаунта. При цьому Маск визнав, що на кількість голосів мають вплив так звані ""боти"". Після розблокування кількість підписників Трампа у Twitter невпинно зростає. The people have spoken. Trump will be reinstated.Vox Populi, Vox Dei. https://t.co/jmkhFuyfkv",Після опитування Маск відновив аккаунт Трампа у Twitter,4.0
6389,"shpigunstvo,yarosh,rosija,fsb","Через 6 років після затримання ФСБ заявила, що викрила українського ""топшпигуна"" з ""візиткою Яроша"" ","ФСБ Росії заявила, що посадила ""полковника нелегальної розвідки Головного управління розвідки Міноборони України""– росЗМІ показали, відео з затримання у 2016 році ""кримського диверсанта"" Дмитра Штиблікова – на кадрах була візитівка Яроша і диплом про закінчення інституту розвідки Нацакадемії оборони України. Джерело: ФСБ РФ, російські пропагандистські видання РИА Новости и РБК Дослівно ФСБ РФ: ""Набрав законної сили вирок Південного окружного військового суду щодо полковника нелегальної розвідки Головного управління розвідки Міноборони України Штиблікова Д. А., визнаного винним у скоєнні державної зради, з призначенням покарання у вигляді 19 років та 6 місяців позбавлення волі з відбуванням терміну у виправній колонії суворого режиму за сукупністю з призначеним йому 2017 року Севастопольським міським судом покаранням у вигляді 5 років колонії суворого режиму за підготовку серії вибухів на об'єктах цивільної інфраструктури Криму"". Деталі: РосЗМІ назвали Штиблікова ""найбільш високопоставленим українським розвідником-нелегалом у Росії"". Коли саме затримали Штиблікова ні ФСБ, ні пропагандистські ЗМІ не повідомляють. На відео, опублікованому в Telegram-каналі ""РІА Новин"" видно, що Штиблікова схопили на вулиці, але ні місце, ні час затримання на цих кадрах не марковано. Водночас у ролику крупним планом показано візитівку Яроша, український паспорт Штиблікова, диплом про закінчення інституту розвідки Нацакадемії оборони України, прапор України і кілька комплектів погонів підполковника і полковника. ФСБ повідомляє, що 2014 року після окупації Росією Криму Штибліков нібито за завданням ГУР МОУ залишився на півострові й отримав російське громадянство. Він нібито влаштувався на посаду цивільного персоналу в одну з військових частин Чорноморського флоту, а там збирав і передавав до ГУР МОУ відомості, що становлять державну таємницю, про діяльність військових частин, дислокованих у Криму. Повідомляється, що ФСБ ""своєчасно"" припинила ""шпигунську діяльність офіцера нелегальної розвідки ГУР МОУ"" і за цим фактом порушили кримінальну справу за ст. 275 КК РФ ""Держзрада"". Для довідки: Про затримання Штиблікова повідомлялося у 2016 році, але високопоставленим співробітником української розвідки ФСБ його не називала. У 2017 році підконтрольний Кремлю Севастопольський міський суд засудив фігуранта ""справи українських диверсантів"" Дмитра Штиблікова до 5 років колонії суворого режиму і до штрафу в розмірі 200 тисяч рублів. За даними РБК, новий термін за держзраду йому призначили незадовго до закінчення першого п'ятирічного терміну. Дмитро Штибліков до 2014 року працював військовим експертом в центрі ""Номос"".","['Норвегія висилає XX російських шпигунів з посольства в Осло', 'ЗМІ знайшли зв\'язок між Гершковичем і ""агентами України"", яких затримала ФСБ', 'Вислані з Нідерландів росіяни збирали інформацію про електроніку для армії РФ – розслідування', 'ГУР оприлюднило дані XXX російських шпигунів, які діють в Європі', 'Через X років після затримання ФСБ заявила, що викрила українського ""топшпигуна"" з ""візиткою Яроша"" ', 'У Греції викрили російську шпигунку, яка цікавилась особистими даними померлих', 'ФСБ заявила про затримання українського ""шпигуна"" в Курську', 'Путін і ФСБ десь знайшли ""неонацистів, які готували вбивство"" пропагандиста Соловйова', 'У Польщі затримали російського шпигуна', 'ФСБ вербує бойовиків ІДІЛу, щоб відправляти їх ""агентами"" в Україну – росЗМІ']","[6776, 1941, 2425, 1975, 8905, 2733, 4624, 937, 2326, 3]","ФСБ Росії заявила, що посадила ""полковника нелегальної розвідки Головного управління розвідки Міноборони України""– росЗМІ показали, відео з затримання у XXXX році ""кримського диверсанта"" Дмитра Штиблікова – на кадрах була візитівка Яроша і диплом про закінчення інституту розвідки Нацакадемії оборони України. Джерело: ФСБ РФ, російські пропагандистські видання РИА Новости и РБК Дослівно ФСБ РФ: ""Набрав законної сили вирок Південного окружного військового суду щодо полковника нелегальної розвідки Головного управління розвідки Міноборони України Штиблікова Д. А., визнаного винним у скоєнні державної зради, з призначенням покарання у вигляді XX років та X місяців позбавлення волі з відбуванням терміну у виправній колонії суворого режиму за сукупністю з призначеним йому XXXX року Севастопольським міським судом покаранням у вигляді X років колонії суворого режиму за підготовку серії вибухів на об'єктах цивільної інфраструктури Криму"". Деталі: РосЗМІ назвали Штиблікова ""найбільш високопоставленим українським розвідником-нелегалом у Росії"". Коли саме затримали Штиблікова ні ФСБ, ні пропагандистські ЗМІ не повідомляють. На відео, опублікованому в Telegram-каналі ""РІА Новин"" видно, що Штиблікова схопили на вулиці, але ні місце, ні час затримання на цих кадрах не марковано. Водночас у ролику крупним планом показано візитівку Яроша, український паспорт Штиблікова, диплом про закінчення інституту розвідки Нацакадемії оборони України, прапор України і кілька комплектів погонів підполковника і полковника. ФСБ повідомляє, що XXXX року після окупації Росією Криму Штибліков нібито за завданням ГУР МОУ залишився на півострові й отримав російське громадянство. Він нібито влаштувався на посаду цивільного персоналу в одну з військових частин Чорноморського флоту, а там збирав і передавав до ГУР МОУ відомості, що становлять державну таємницю, про діяльність військових частин, дислокованих у Криму. Повідомляється, що ФСБ ""своєчасно"" припинила ""шпигунську діяльність офіцера нелегальної розвідки ГУР МОУ"" і за цим фактом порушили кримінальну справу за ст. XXX КК РФ ""Держзрада"". Для довідки: Про затримання Штиблікова повідомлялося у XXXX році, але високопоставленим співробітником української розвідки ФСБ його не називала. У XXXX році підконтрольний Кремлю Севастопольський міський суд засудив фігуранта ""справи українських диверсантів"" Дмитра Штиблікова до X років колонії суворого режиму і до штрафу в розмірі XXX тисяч рублів. За даними РБК, новий термін за держзраду йому призначили незадовго до закінчення першого п'ятирічного терміну. Дмитро Штибліков до XXXX року працював військовим експертом в центрі ""Номос"".","Через X років після затримання ФСБ заявила, що викрила українського ""топшпигуна"" з ""візиткою Яроша"" ",4.0
9816,"vibukh,vijna,mikolajiv","У Миколаєві через обстріл стався вибух біля зупинки: 3 загиблих, 12 поранених","Внаслідок обстрілу Миколаєва касетними снарядами стався вибух в районі зупинки громадського транспорту, 3 людей загинули і 12 дістали поранень. Джерело: мер міста Олександр Сєнкевич у Telegram, голова Миколаївської облради Ганна Замазєєва у Facebook Дослівно: ""Вибух в районі зупинки громадського транспорту. Касетні снаряди. Є жертви. Працюють усі служби. Деталі потім"". Деталі: Пізніше голова Миколаївської облради Ганна Замазєєва повідомила, що внаслідок вибуху 2 осіб загинуло, 12 дістали поранень. Станом на 19:20 Сєнкевич повідомив, що відомо про 3 загиблих та 12 поранених. Також є пошкодження житлових будинків і електромереж. Що передувало: У ніч на 29 вересня місто Миколаїв зазнало ракетного удару з боку росіян, пошкоджено цивільні об’єкти.","['У Миколаєві пролунали вибухи – ЗMI', 'Готуємося до нападу чи облоги Миколаєва – мер ', 'У Миколаєві чули вибух. Кім запевняє, що це не у місті', 'Віталій Кім: Нас все більше — росіян все менше, готуємося до посівної', 'Російська ракета пошкодила сортувальне депо ""Нової пошти"" в Миколаєві', 'У Миколаєві потужні вибухи – мер', 'Миколаїв: Лунають вибухи касетних снарядів', 'У Миколаєві через обстріл стався вибух біля зупинки: X загиблих, XX поранених', 'У Миколаєві пролунали вибухи – мер', 'Миколаїв: Росіяни вдарили в багатоповерхівку, кількість загиблих зросла']","[3648, 7609, 4881, 1039, 6114, 1603, 7378, 4, 2276, 7431]","Внаслідок обстрілу Миколаєва касетними снарядами стався вибух в районі зупинки громадського транспорту, X людей загинули і XX дістали поранень. Джерело: мер міста Олександр Сєнкевич у Telegram, голова Миколаївської облради Ганна Замазєєва у Facebook Дослівно: ""Вибух в районі зупинки громадського транспорту. Касетні снаряди. Є жертви. Працюють усі служби. Деталі потім"". Деталі: Пізніше голова Миколаївської облради Ганна Замазєєва повідомила, що внаслідок вибуху X осіб загинуло, XX дістали поранень. Станом на XX:XX Сєнкевич повідомив, що відомо про X загиблих та XX поранених. Також є пошкодження житлових будинків і електромереж. Що передувало: У ніч на XX вересня місто Миколаїв зазнало ракетного удару з боку росіян, пошкоджено цивільні об’єкти.","У Миколаєві через обстріл стався вибух біля зупинки: X загиблих, XX поранених",7.0
1763,"nagorodi,zelensky,zbrojni-sili",Президент присвоїв звання Герой України ще 6 військовим,"Президент України відзначив ще 152 військовослужбовці державними нагородами, зокрема й присвоїв звання Герой України. Джерело: звернення Зеленського, укази президента Пряма мова: ""І традиційно перед записом цього звернення я підписав указ про нагородження наших українських героїв. Державними нагородами відзначені 152 військовослужбовці Збройних Сил України, із них троє – посмертно"". Деталі: Зеленський посмертно присвоїв звання Герой України з удостоєнням ордена ""Золота Зірка"" Бондаруку Віталію Анатолійовичу – старшому лейтенанту. Крім того, присвоїв звання Герой України з врученням ордена ""Золота Зірка"" Вересу Кирилу Кириловичу – майору; Зугравому Олександру Вячеславовичу – полковнику; Кулагіну Родіону Анатолійовичу – полковнику; Старченку Сергію Олександровичу – підполковнику; Царенку Андрію Юрійовичу – майору. Також президент відзначив військових орденами Богдана Хмельницького, Данила Галицького, ""За мужність"".","['Зеленський нагородив орденами і медалями XX захисників України', 'Президент нагородив орденами і медалями ще XXX військових', 'Президент обіцяє зміни щодо недбалості, радянщини й бюрократії в Силах оборони', 'Президент присвоїв звання Героя за знищення десятків одиниць техніки РФ', 'Зеленський: Україна більше не платитиме суверенітетом за примарні обіцянки спокою', 'Зеленський змінив командувача Сил спеціальних операцій', 'Головний сержант, з яким зустрічався Зеленський, поскаржився на командування', 'Президент присвоїв звання Герой України ще X військовим', 'Зеленський нагородив ще XXX військових', 'Зеленський відзначив державними нагородами XXX військовослужбовця']","[2854, 1821, 8575, 8328, 3893, 1994, 8111, 5, 7486, 1173]","Президент України відзначив ще XXX військовослужбовці державними нагородами, зокрема й присвоїв звання Герой України. Джерело: звернення Зеленського, укази президента Пряма мова: ""І традиційно перед записом цього звернення я підписав указ про нагородження наших українських героїв. Державними нагородами відзначені XXX військовослужбовці Збройних Сил України, із них троє – посмертно"". Деталі: Зеленський посмертно присвоїв звання Герой України з удостоєнням ордена ""Золота Зірка"" Бондаруку Віталію Анатолійовичу – старшому лейтенанту. Крім того, присвоїв звання Герой України з врученням ордена ""Золота Зірка"" Вересу Кирилу Кириловичу – майору; Зугравому Олександру Вячеславовичу – полковнику; Кулагіну Родіону Анатолійовичу – полковнику; Старченку Сергію Олександровичу – підполковнику; Царенку Андрію Юрійовичу – майору. Також президент відзначив військових орденами Богдана Хмельницького, Данила Галицького, ""За мужність"".",Президент присвоїв звання Герой України ще X військовим,7.0
7378,"donetsk,azov,okupacia,mariupol","Окупанти заявили, що посадили на 22 роки мінометника з ""Азова""","Окупаційна влада вирішила посадити за ґрати на 22 роки українського військовослужбовця, мінометника полку ""Азов"" Едуарда Варбанського. Джерело: ТАСС із посиланням на пресслужбу Головної військової прокуратури Росії Деталі: Як повідомляє 27 вересня російське пропагандистське агентство, ""Верховний суд"" так званої ""ДНР"" засудив Едуарда Варбанського до 22 років позбавлення волі ""за мінометний обстріл школи під Маріуполем навесні минулого (2022) року"". Як говорить на відео чоловік, який назвався Варбанським, його звинуватили в ""жорстокому поводженні з цивільним населенням, замаху на вбивство та навмисному знищенні чужого майна"" через обстріл селища Бердянське під Маріуполем із міномета калібру 120 мм. Тоді нібито постраждала школа. Цьому передувало: 22 вересня російські пропагандисти повідомили, що ""Верховний суд"" незаконної ""ДНР"" засудив до 24 років позбавлення волі старшину розвідувальної роти ЗСУ Віталія Катранича, який нібито застрелив жителя Маріуполя.","['Окупанти заявили, що посадили на XX роки мінометника з ""Азова""', 'У Маріуполі все гірше з водою та ексгумацією, жителів лякають ""націоналізацією"" – Андрющенко', 'Викрадену окупантами доньку загиблого в Маріуполі чемпіона України повернули дідусеві', 'Росіяни знову вимагають від захисників Маріуполя здатися в полон', 'Мракобісся і регрес: під Маріуполем демонтували пам\'ятник Сагайдачному, бо його ставив ""Азов""', 'Гарнізон ""Маріуполь"" виконав завдання, віддано наказ зберегти життя – Генштаб', 'Маріуполь: окупанти під виглядом житла будують фортифікаційні споруди – мер ', 'Ворог продовжує штурм ""Азовсталі"", захисники стримують росіян – Азов ', 'Командир ""Азову"" каже, що вони виконали завдання і хоче зберегти життя підлеглим\xa0', 'РосЗМІ заявили про пожежу на нафтобазі в окупованому Донецьку']","[6764, 4604, 8059, 1474, 7868, 907, 4601, 5135, 8757, 6]","Окупаційна влада вирішила посадити за ґрати на XX роки українського військовослужбовця, мінометника полку ""Азов"" Едуарда Варбанського. Джерело: ТАСС із посиланням на пресслужбу Головної військової прокуратури Росії Деталі: Як повідомляє XX вересня російське пропагандистське агентство, ""Верховний суд"" так званої ""ДНР"" засудив Едуарда Варбанського до XX років позбавлення волі ""за мінометний обстріл школи під Маріуполем навесні минулого (XXXX) року"". Як говорить на відео чоловік, який назвався Варбанським, його звинуватили в ""жорстокому поводженні з цивільним населенням, замаху на вбивство та навмисному знищенні чужого майна"" через обстріл селища Бердянське під Маріуполем із міномета калібру XXX мм. Тоді нібито постраждала школа. Цьому передувало: XX вересня російські пропагандисти повідомили, що ""Верховний суд"" незаконної ""ДНР"" засудив до XX років позбавлення волі старшину розвідувальної роти ЗСУ Віталія Катранича, який нібито застрелив жителя Маріуполя.","Окупанти заявили, що посадили на XX роки мінометника з ""Азова""",0.0
3112,"okupacia,berdyansk,propaganda,rosija",Росіяни хочуть відкрити в окупованому Бердянську центр підготовки пропагандистів – ЦНС,"Загарбники мають намір відкрити на окупованих територіях, зокрема в Бердянську, центри підготовки пропагандистів. Джерело: Центр національного спротиву Дослівно: ""...окупанти хочуть відкрити на ТОТ педагогічні виші, де у швидкому темпі будуть готувати ""нових вчителів"". Перший такий відкрити мають у Бердянську, де за планом ворога до 1 вересня пройдуть перепідготовку діючі вчителі історії та російської мови. Пріоритет обраних фахівців чітко демонструє на що ставить акцент ""російська школа"", а саме на вивченні мови та ""правильної історії"". Деталі: За інформацією ЦНС, на тимчасово окупованих територіях в окупантів спостерігається дефіцит педагогів. Більшість українського персоналу відмовилась працювати на ворога, тому окупанти звезли на територію своїх ""вчителів"", які займаються русифікацією українських дітей. Проте і це проблему не вирішило. Більшість росіян приїжджає на ротаційній основі через більші виплати ніж у РФ. Проте залишатись на постійній основі вони не хочуть, адже не впевнені в подальшій приналежності регіону до Росії.","['Загарбники звозять студентів з Росії для пропаганди на ТОТ – спротив', 'Росіяни звозять на окупований південь своїх силовиків – ЦНС', 'Український суд дозволив арештувати російського режисера Михалкова\xa0', '""США проводили ВІЛ-експерименти над ЗСУ"": Міноборони РФ озвучило новий маразм', 'На ТОТ росіяни вилучають у населення українські паспорти – спротив', 'Окупанти імітують нарощування сил на Запоріжжі – Спротив', 'Росіяни хочуть відкрити в окупованому Бердянську центр підготовки пропагандистів – ЦНС', 'Лавров зібрався ""рятувати"" українців від ""режиму Зеленського""', 'Для виїзду з Бердянська окупанти запроваджують перепустки – ЦНС', 'Адміністрація Путіна роздала пропагандистам ""методички"" щодо Кримського мосту – росЗМІ']","[8095, 2925, 8747, 5312, 8832, 7910, 7802, 2029, 7600, 7]","Загарбники мають намір відкрити на окупованих територіях, зокрема в Бердянську, центри підготовки пропагандистів. Джерело: Центр національного спротиву Дослівно: ""...окупанти хочуть відкрити на ТОТ педагогічні виші, де у швидкому темпі будуть готувати ""нових вчителів"". Перший такий відкрити мають у Бердянську, де за планом ворога до X вересня пройдуть перепідготовку діючі вчителі історії та російської мови. Пріоритет обраних фахівців чітко демонструє на що ставить акцент ""російська школа"", а саме на вивченні мови та ""правильної історії"". Деталі: За інформацією ЦНС, на тимчасово окупованих територіях в окупантів спостерігається дефіцит педагогів. Більшість українського персоналу відмовилась працювати на ворога, тому окупанти звезли на територію своїх ""вчителів"", які займаються русифікацією українських дітей. Проте і це проблему не вирішило. Більшість росіян приїжджає на ротаційній основі через більші виплати ніж у РФ. Проте залишатись на постійній основі вони не хочуть, адже не впевнені в подальшій приналежності регіону до Росії.",Росіяни хочуть відкрити в окупованому Бердянську центр підготовки пропагандистів – ЦНС,6.0
9912,es,Україна очікує в травні отримати новий транш макрофіну ЄС,"Про це за підсумками міжнародної донорської конференції на підтримку України у Варшаві заявив прем’єр Денис Шмигаль, повідомляє ""Європейська правда"" з посиланням на агентство УНІАН. Стосовно надання підтримки Європейська комісія була однією з перших інституцій, яка миттєво відреагувала і надала макрофінансову допомогу Україні. Зараз ми говоримо про надання другого траншу буквально вже в травні і можливо відкриття нового траншу підтримки Україні ще в червні"", - сказав він. Також він додав, що обговорив деталі передачі Україні 1,8 млрд євро допомоги, які були зібрані на донорській конференції чотири тижні тому. Нагадаємо, Рада ЄС прискорено затвердила макрофін для України у розмірі 1,2 млрд євро 21 лютого, напередодні вторгнення Росії. В ЄС зазначили, що пришвидшили виділення економічної допомоги Україні через геополітичну напругу, яка згубно вплинула на економічну та фінансову стабільність України. Міжнародна донорська конференція у Варшаві, присвячена збору коштів для України, що постраждала від війни, зібрала 5 травня $6,5 млрд.","['ЄС обіцяє жорсткі санкції проти Росії протягом XX годин', 'ЄС запропонує Україні нові кредити для вирішення нагальних потреб - ЗМІ', 'Лідери ЄС планують погодити створення Фонду солідарності з Україною', 'Боррель: Україна повинна бути за столом будь-яких переговорів щодо неї ', 'Україна очікує в травні отримати новий транш макрофіну ЄС', 'ЄС оголосить про новий пакет допомоги у XXX млн євро для підтримки реформ', 'Аудитори ЄС знайшли недоліки в плані Єврокомісії з відмови від російських енергоносіїв', 'За нардепа від ""ЄС"" Алєксєєва внесли X млн застави. Він вийшов з-під варти', 'Кремль похвалив ""суверенну позицію"" Угорщини щодо багатьох питань у ЄС', 'ЄС подвоїв фінансування військової допомоги Україні до X млрд євро']","[4619, 6789, 1190, 8, 6739, 8216, 6434, 4193, 2072, 4372]","Про це за підсумками міжнародної донорської конференції на підтримку України у Варшаві заявив прем’єр Денис Шмигаль, повідомляє ""Європейська правда"" з посиланням на агентство УНІАН. Стосовно надання підтримки Європейська комісія була однією з перших інституцій, яка миттєво відреагувала і надала макрофінансову допомогу Україні. Зараз ми говоримо про надання другого траншу буквально вже в травні і можливо відкриття нового траншу підтримки Україні ще в червні"", - сказав він. Також він додав, що обговорив деталі передачі Україні X,X млрд євро допомоги, які були зібрані на донорській конференції чотири тижні тому. Нагадаємо, Рада ЄС прискорено затвердила макрофін для України у розмірі X,X млрд євро XX лютого, напередодні вторгнення Росії. В ЄС зазначили, що пришвидшили виділення економічної допомоги Україні через геополітичну напругу, яка згубно вплинула на економічну та фінансову стабільність України. Міжнародна донорська конференція у Варшаві, присвячена збору коштів для України, що постраждала від війни, зібрала X травня $X,X млрд.",Україна очікує в травні отримати новий транш макрофіну ЄС,4.0
885,"sof,bahmut","""Гіацинти"", ""Піони"", ""Малахіт"": ССО показали вогняні ""жнива"" під Бахмутом","Один із підрозділів ССО України у співпраці з побратимами з Сил оборони знищив 9 одиниць ворожої техніки на Бахмутському напрямку. Джерело: пресслужба Сил спецоперацій  Деталі: Зазначається, що список ворожих втрат поповнили 2 одиниці 2С5 ""Гіацинт"", 2 одиниці 2С7 ""Піон"", станція радіоперешкод Р - 325У, станція РЕБ ""Леєр"", 2 одиниці комплексу П-18 ""Малахіт"" та комплекс ""Каста - 2Е2"". Дослівно: ""Протягом тижня оператори ССО вели полювання за важливою технікою окупанта. Визначивши координати розташування техніки та розрахунків противника, було нанесено ураження засобами артилерії.   Продовжуємо нищити окупантів скрізь, де б вони не були"".","['Зеленський про оборону Бахмута: Віддавали туди все, що до нас приходило', 'X-тя окрема штурмова бригада показала, як відтіснила військових РФ під Бахмутом', 'Британська розвідка: у Бахмуті зростає роль російських десантників', 'Бахмут у вогні: ворог масово використав фосфор – ССО', 'Воїни ССО спалили ворожий ""Зоопарк""', '""Вони лізуть - ми їх анульовуємо"": едельвейси про знищення ""одноразових вагнерівців""', 'ССО ""Азова"" стали бригадою Сухопутних військ і вже воюють в Бахмуті', '""Гіацинти"", ""Піони"", ""Малахіт"": ССО показали вогняні ""жнива"" під Бахмутом', 'Сирський: Оборонці не дали оточити Бахмут, але ситуація дуже важка ', '""Повзи - будеш жити"": на півдні ССО взяли в полон ""зеків"", яким РФ обіцяла амністію']","[5665, 6145, 6143, 9101, 6763, 4261, 3753, 3209, 9, 7382]","Один із підрозділів ССО України у співпраці з побратимами з Сил оборони знищив X одиниць ворожої техніки на Бахмутському напрямку. Джерело: пресслужба Сил спецоперацій  Деталі: Зазначається, що список ворожих втрат поповнили X одиниці XСX ""Гіацинт"", X одиниці XСX ""Піон"", станція радіоперешкод Р - XXXУ, станція РЕБ ""Леєр"", X одиниці комплексу П-XX ""Малахіт"" та комплекс ""Каста - XЕX"". Дослівно: ""Протягом тижня оператори ССО вели полювання за важливою технікою окупанта. Визначивши координати розташування техніки та розрахунків противника, було нанесено ураження засобами артилерії.   Продовжуємо нищити окупантів скрізь, де б вони не були"".","""Гіацинти"", ""Піони"", ""Малахіт"": ССО показали вогняні ""жнива"" під Бахмутом",7.0
7981,"kijivska-oblast,vibukh,vijna,kijiv","Біля Києва вибухи, росіяни завдали ракетного удару","Під Києвом пролунало щонайменше два вибухи, росіяни завдали ракетного удару по Вишгородському району. Джерело: ""Київ Оперативний"", УП, моніторингова група ""Беларускі Гаюн"", очільник  Київської ОВА Олексій  Кулеба, ОК ""Північ"" Деталі:  ""Київ Оперативний"" повідомляє про щонайменше три вибухи, і опублікував фото стовпа диму. Дослівно Олексій Кулеба: ""Зранку ворог наніс ракетний удар по одній із громад Вишгородського району. Обстріляний об’єкт інфраструктури. Інформація щодо жертв уточнюється"". Оновлено: ""Беларускі Гаюн"" повідомляє, що з 05:23 з Зябрівки  (Гомельська область, Білорусь) неподалік від кордону з Україною відбулися запуски ракет, близько 12 разів. Однак, пізніше група повідомила про близько 25 запусків. Оновлено: За попередніми даними поліції, жертви чи постраждалих в результаті ракетного удару російської армії по Вишгородському району Київщини немає.","['На Київщині можуть лунати вибухи – тренуються сапери ', 'Мешканців Київщини попередили про можливі вибухи: проходять навчання саперів ', 'Під Києвом стоять кадировці, які не дають відступати військам РФ – Веніславський', 'У Києві прогриміли вибухи: росіяни били по  об’єктах ""Укрзалізниці""', 'Понад XX об’єктів – Кличко розповів, що пошкодили росіяни у Києві ', 'У Дарницькому районі Києва пролунали вибухи ', 'Вибухи в Києві: протиповітряна оборона збила ворожі об’єкти – Нацполіція', 'РФ завдала удару по критичній інфраструктурі Київщини, є збиття ракет', 'Біля Києва вибухи, росіяни завдали ракетного удару', 'У Києві та Київській області вночі лунали вибухи, постраждав завод']","[1284, 3053, 957, 107, 3972, 3285, 8810, 6431, 6169, 10]","Під Києвом пролунало щонайменше два вибухи, росіяни завдали ракетного удару по Вишгородському району. Джерело: ""Київ Оперативний"", УП, моніторингова група ""Беларускі Гаюн"", очільник  Київської ОВА Олексій  Кулеба, ОК ""Північ"" Деталі:  ""Київ Оперативний"" повідомляє про щонайменше три вибухи, і опублікував фото стовпа диму. Дослівно Олексій Кулеба: ""Зранку ворог наніс ракетний удар по одній із громад Вишгородського району. Обстріляний об’єкт інфраструктури. Інформація щодо жертв уточнюється"". Оновлено: ""Беларускі Гаюн"" повідомляє, що з XX:XX з Зябрівки  (Гомельська область, Білорусь) неподалік від кордону з Україною відбулися запуски ракет, близько XX разів. Однак, пізніше група повідомила про близько XX запусків. Оновлено: За попередніми даними поліції, жертви чи постраждалих в результаті ракетного удару російської армії по Вишгородському району Київщини немає.","Біля Києва вибухи, росіяни завдали ракетного удару",8.0
3989,"nato,shvetsija,ugorschyna","Угорщина погрожує блокувати вступ Швеції в НАТО через ""образливе"" відео","Угорщина погрожує зупинити приєднання Швеції до НАТО через нібито образливий 10-хвилинний шведський відеоролик. Джерело: ""Європейська правда"" із посиланням на Euobserver Деталі: Відеоролик ""безумовно, не сприяє виконанню вашої вимоги, яку ви постійно висуваєте"", заявив міністр закордонних справ Угорщини Петер Сійярто особисто міністру закордонних справ Швеції в листі в четвер (14 вересня), маючи на увазі прохання Швеції до Угорщини ратифікувати її заявку на вступ до НАТО. Ролик був ""фальшивою інформацією"" про те, що ""демократія в Угорщині останніми роками відступає"", додав Сійярто у своїй офіційній скарзі. Образливе відео було знято UR, шведським суспільним освітнім мовником, на контент якого уряд Швеції немає впливу. У ньому не сказано нічого такого, що не було б широко визнано в Європі. Європейська комісія ініціювала санкції проти Угорщини та утримала мільярди євро через бандитське правління прем'єр-міністра Віктора Орбана. Європейський парламент заявив, що Угорщина ""більше не є повноцінною демократією"". Але в четвер половина уряду Орбана несподівано виступила проти короткометражного шведського фільму. ""Шокуюче освітнє відео, схвалене шведським урядом, з нападками на Угорщину! Як ми можемо переконати угорських депутатів підтримати членство Швеції в НАТО, коли нашу демократію постійно ставлять під сумнів, ображаючи наших виборців?"", – обурився головний політичний радник прем'єр-міністра Балаж Орбан. Гергей Гуяш, старший депутат від правлячої партії, додав: ""Якщо фільм демонструється в державних школах, це означає, що Швеція робить все, щоб перешкодити Угорщині ратифікувати свій вступ до НАТО"". Раптове збурення сталося після того, як Угорщина на саміті НАТО в липні заявила, що готова приступити до ратифікації. За словами Агнеси Вадаї, депутата парламенту від опозиційної партії ""Демократична коаліція"", очевидний розворот змушує країну виглядати безглуздо на міжнародній арені. Що передувало: У липні на Вільнюському саміті НАТО Туреччина погодилась розблокувати процес ратифікації вступу Швеції до Альянсу в обмін на допомогу у зближенні з Європейським Союзом. Президент Туреччини Реджеп Таїп Ердоган заявив, що передасть ратифікацію заявки Швеції на вступ до НАТО на розгляд парламенту в жовтні, коли законодавчий орган збереться після літніх канікул. Водночас генсек НАТО Єнс Столтенберг вважає, що Швеція остаточно стане членом Альянсу восени цього року.","['В уряді Швеції розраховують на членство в НАТО за ""кілька тижнів"" – ЗМІ', 'У Орбана роз\'яснили, у чому ""проблема"" Швеції з її вступом до НАТО', 'Угорщина може відкласти ратифікацію вступу Фінляндії і Швеції у НАТО на кінець березня', 'Правляча партія Швеції підтримала вступ країни до НАТО', 'Угорщина блокує участь України в засіданнях НАТО - МЗС каже, що з XXXX року', 'Прем’єр Швеції: Ми не можемо виконати вимог Туреччини для розблокування вступу до НАТО', 'Зеленський: Поведінка Угорщини неадекватна, як може бути країна НАТО за Росію і проти Альянсу', 'Угорщина погрожує блокувати вступ Швеції в НАТО через ""образливе"" відео', 'Швеція не буде давати Угорщині ніяких ""запевнень"" в обмін на вступ до НАТО', 'Парламент Угорщини відмовився розглянути заявку Швеції про вступ до НАТО']","[3208, 5290, 1949, 8353, 971, 3036, 5996, 1374, 11, 6576]","Угорщина погрожує зупинити приєднання Швеції до НАТО через нібито образливий XX-хвилинний шведський відеоролик. Джерело: ""Європейська правда"" із посиланням на Euobserver Деталі: Відеоролик ""безумовно, не сприяє виконанню вашої вимоги, яку ви постійно висуваєте"", заявив міністр закордонних справ Угорщини Петер Сійярто особисто міністру закордонних справ Швеції в листі в четвер (XX вересня), маючи на увазі прохання Швеції до Угорщини ратифікувати її заявку на вступ до НАТО. Ролик був ""фальшивою інформацією"" про те, що ""демократія в Угорщині останніми роками відступає"", додав Сійярто у своїй офіційній скарзі. Образливе відео було знято UR, шведським суспільним освітнім мовником, на контент якого уряд Швеції немає впливу. У ньому не сказано нічого такого, що не було б широко визнано в Європі. Європейська комісія ініціювала санкції проти Угорщини та утримала мільярди євро через бандитське правління прем'єр-міністра Віктора Орбана. Європейський парламент заявив, що Угорщина ""більше не є повноцінною демократією"". Але в четвер половина уряду Орбана несподівано виступила проти короткометражного шведського фільму. ""Шокуюче освітнє відео, схвалене шведським урядом, з нападками на Угорщину! Як ми можемо переконати угорських депутатів підтримати членство Швеції в НАТО, коли нашу демократію постійно ставлять під сумнів, ображаючи наших виборців?"", – обурився головний політичний радник прем'єр-міністра Балаж Орбан. Гергей Гуяш, старший депутат від правлячої партії, додав: ""Якщо фільм демонструється в державних школах, це означає, що Швеція робить все, щоб перешкодити Угорщині ратифікувати свій вступ до НАТО"". Раптове збурення сталося після того, як Угорщина на саміті НАТО в липні заявила, що готова приступити до ратифікації. За словами Агнеси Вадаї, депутата парламенту від опозиційної партії ""Демократична коаліція"", очевидний розворот змушує країну виглядати безглуздо на міжнародній арені. Що передувало: У липні на Вільнюському саміті НАТО Туреччина погодилась розблокувати процес ратифікації вступу Швеції до Альянсу в обмін на допомогу у зближенні з Європейським Союзом. Президент Туреччини Реджеп Таїп Ердоган заявив, що передасть ратифікацію заявки Швеції на вступ до НАТО на розгляд парламенту в жовтні, коли законодавчий орган збереться після літніх канікул. Водночас генсек НАТО Єнс Столтенберг вважає, що Швеція остаточно стане членом Альянсу восени цього року.","Угорщина погрожує блокувати вступ Швеції в НАТО через ""образливе"" відео",7.0
9484,"khakeri,kijivska-oblast","""Зеленский, мы уже тут!"": сайт Київської облради зламали хакери","Сайт Київської обласної ради зламали хакери. Джерело: голова облради Ярослав Добрянский у Facebook Деталі: Повідомляється, що станом на 13:32 стартова сторінка сайту Київської обласної ради мала вигляд -  зображення президента України Володимира Зеленського з погрозливим повідомленням російською мовою: ""ЗЕЛЕНСКИЙ!!!! ВНИМАНИЕ!!! МЫ УЖЕ ТУТ!!! ЖДИ ПОДРОБНОСТЕЙ!!!"" За словами Добрянського, наразі готується заява до кіберполіції щодо встановлення причетних до атаки для притягнення їх до відповідальності. Пряма мова: ""На сайті міститься публічна інформація з метою інформування населення про діяльність Київської обласної ради. Наразі робимо все можливе для відновлення роботи сайту"".","['Голова ТГ Київщини вимагав відкат і привласнив кошти на укріплення берегів Десни', 'СБУ встановила поплічника Кадирова, причетного до звірств на Київщині', '""Зеленский, мы уже тут!"": сайт Київської облради зламали хакери', 'В Ірпені відбили атаку ворога, у Бучі окупанти дезорієнтовані. Підірвано міст', 'Сотні мільйонів на відбудову Київщини дали компаніям з криміналом та без досвіду – ЗМІ', '""Зав’язали руки, на голову чохол і стратили"": знайшли ще одного закатованого росіянами', 'ЗСУ накрила артилерією російську колону на Київщині: вбито російського полковника', 'У Голосіївському районі Києва впала частина російської ракети: є загиблий', 'У двох районах Київщини в понеділок лунатимуть планові вибухи', 'У багатьох областях України оголошували повітряну тривогу']","[5277, 1159, 7708, 3812, 1822, 4032, 5928, 5816, 7903, 12]","Сайт Київської обласної ради зламали хакери. Джерело: голова облради Ярослав Добрянский у Facebook Деталі: Повідомляється, що станом на XX:XX стартова сторінка сайту Київської обласної ради мала вигляд -  зображення президента України Володимира Зеленського з погрозливим повідомленням російською мовою: ""ЗЕЛЕНСКИЙ!!!! ВНИМАНИЕ!!! МЫ УЖЕ ТУТ!!! ЖДИ ПОДРОБНОСТЕЙ!!!"" За словами Добрянського, наразі готується заява до кіберполіції щодо встановлення причетних до атаки для притягнення їх до відповідальності. Пряма мова: ""На сайті міститься публічна інформація з метою інформування населення про діяльність Київської обласної ради. Наразі робимо все можливе для відновлення роботи сайту"".","""Зеленский, мы уже тут!"": сайт Київської облради зламали хакери",2.0
6536,"okupacia,rosija,vijna,khersonska-oblast",РФ на Херсонщині хоче влаштувати псевдоперепис та пародію на референдум,"Російські загарбники на території тимчасово окупованої Херсонської області хочуть провести вигідні їм ""перепис населення"" та ""референдум"". Джерело: РИА Новости Деталі: Один із ватажків місцевих окупантів Кирило Стремоусов оголосив про плани провести так званий ""референдум"" на території регіону, але перед ним загарбники влаштують пародію на ""перепис населення"". Пряма мова окупанта:""...Необхідно, перше – перепис населення на даний момент Херсонської області, те, чим ми зараз маємо намір займатися"". Нагадаємо: Прессекретар Кремля Дмитро Пєсков заявив, що приєднання до Росії окупованої Херсонської області має відбутися ""легітимно, як це було з Кримом"". Радник керівника Офісу президента Михайло Подоляк заявив, що пособники окупантів у Херсонській області можуть закликати приєднати їх хоч до Марса, але насправді їм доведеться просити про помилування після вироку суду.","['Прикрити мародерів: російська пошта відключила відеотрансляції зі своїх відділень біля України', 'Окупанти хочуть вивезти з Херсонщини дітей та людей похилого віку', 'На Херсонщині окупанти закрили селище і використовують цивільних як ""живий щит"" – штаб', 'ОК ""Південь"": ЗСУ знищили вузол зв\'язку росіян на Херсонщині', 'До Скадовська зайшла колона окупантів', 'Обмінний фонд поповнюється: військові РФ піднімають бунти – ОК ""Південь""', 'Окупанти обстріляли захоплені Олешки, щоб дискредитувати ЗСУ – Генштаб', 'У Каховці X загиблих та X поранених – вийшли з будинків подивитися на збиту ракету', 'РФ на Херсонщині хоче влаштувати псевдоперепис та пародію на референдум', 'Дезертири загарбників тікають до Криму через Арабатську стрілку – розвідка']","[8428, 40, 1522, 8844, 2997, 5630, 1605, 563, 13, 8584]","Російські загарбники на території тимчасово окупованої Херсонської області хочуть провести вигідні їм ""перепис населення"" та ""референдум"". Джерело: РИА Новости Деталі: Один із ватажків місцевих окупантів Кирило Стремоусов оголосив про плани провести так званий ""референдум"" на території регіону, але перед ним загарбники влаштують пародію на ""перепис населення"". Пряма мова окупанта:""...Необхідно, перше – перепис населення на даний момент Херсонської області, те, чим ми зараз маємо намір займатися"". Нагадаємо: Прессекретар Кремля Дмитро Пєсков заявив, що приєднання до Росії окупованої Херсонської області має відбутися ""легітимно, як це було з Кримом"". Радник керівника Офісу президента Михайло Подоляк заявив, що пособники окупантів у Херсонській області можуть закликати приєднати їх хоч до Марса, але насправді їм доведеться просити про помилування після вироку суду.",РФ на Херсонщині хоче влаштувати псевдоперепис та пародію на референдум,8.0
2887,"ssha,rosija","У МЗС РФ відповіли Блінкену: Коли в домі американці, складно залишитися живим","У МЗС Росії у відповідь на заяву держсекретаря США Ентоні Блінкена щодо Казахстану заявили, що ""коли у твоєму будинку опинилися американці, буває складно залишитися живими, не бути пограбованим чи зґвалтованим"". Джерело: МЗС РФ у Telegram Деталі: У відомстві заявили, що Блінкен ""у типовій для себе хамській манері пожартував з приводу трагічних подій у Казахстані"", прокоментувавши відправку російських військових до цієї країни фразою: ""Один урок із недавньої історії: коли у твоєму будинку опинилися росіяни, їх буває складно змусити піти"". Дослівно МЗС РФ: ""Якщо Ентоні Блінкен так любить уроки історії, то нехай має на увазі наступний: Коли у твоєму домі опинилися американці, буває складно залишитися живим, не бути пограбованим чи зґвалтованим. Тільки цьому вчить нас не недавнє минуле, а всі 300 років американської державності. Багато чого з цього приводу розкажуть індіанці північноамериканського континенту, корейці, в'єтнамці, іракці, панамці, югослави, лівійці, сирійці та багато інших нещасних, кому не пощастило побачити у себе ""вдома"" цих непроханих гостей"". Що передувало: 7 січня держсекретар США Ентоні Блінкен заявив, що США не порівнюють ситуації в Україні та Казахстані, проте застеріг від того, що росіян може бути складно змусити піти. Передісторія: Протести в Казахстані почалися 2 січня. 5 січня уряд Казахстану відправили у відставку, у Казахстані тривали зіткнення, в Алмати люди захопили акимат (адміністрацію). Влада міста почала ""антитерористичну операцію"". Надзвичайний стан запровадили на всій території Казахстану. 5 січня президент Казахстану Касим-Жомарт Токаєв звернувся до країн учасниць Договору про колективну безпеку (ОДКБ) із проханням ввести війська для боротьби з ""терористами"". Прем'єр Вірменії Нікол Пашинян заявив про ухвалене рішення направити Колективні миротворчі сили ОДКБ до Казахстану з метою стабілізації та нормалізації обстановки. Влада Казахстану після прибуття російських військових заявила, що станом на 7 січня майже придушила протести і відновила ""порядок"". Токаєв наказав армії стріляти на ураження по мітингувальникам. В ході придушення протестів у країні було вбито і поранено десятки людей. Знати більше: Революція чи російська окупація? Що відбувається у Казахстані та чого чекати","['У США вважають, що бойова потужність армії РФ впала нижче XX%', ""Росія підтвердила заборону на в'їзд Байдену, Гарріс, Блінкену та ще XXX американцям"", 'Посол США привіз до російського МЗС письмову відповідь на безпековий ультиматум РФ', 'ЗМІ: Захід подумує над виключенням Росії з GXX', 'Блінкен: Не видно, що Путін готовий зупинитися', 'У МЗС РФ відповіли Блінкену: Коли в домі американці, складно залишитися живим', 'Остін розповів, що він сказав Шойгу після інциденту з безпілотником', 'Конгрес США підтримав конфіскацію активів РФ на користь України', 'В РФ не бачать підстав для нового раунду переговорів зі США найближчим часом', 'Держдеп про антиєврейські погроми в Дагестані: Звинувачувати Україну – абсурд']","[14, 5310, 2845, 6983, 1335, 1836, 1172, 1819, 2363, 7028]","У МЗС Росії у відповідь на заяву держсекретаря США Ентоні Блінкена щодо Казахстану заявили, що ""коли у твоєму будинку опинилися американці, буває складно залишитися живими, не бути пограбованим чи зґвалтованим"". Джерело: МЗС РФ у Telegram Деталі: У відомстві заявили, що Блінкен ""у типовій для себе хамській манері пожартував з приводу трагічних подій у Казахстані"", прокоментувавши відправку російських військових до цієї країни фразою: ""Один урок із недавньої історії: коли у твоєму будинку опинилися росіяни, їх буває складно змусити піти"". Дослівно МЗС РФ: ""Якщо Ентоні Блінкен так любить уроки історії, то нехай має на увазі наступний: Коли у твоєму домі опинилися американці, буває складно залишитися живим, не бути пограбованим чи зґвалтованим. Тільки цьому вчить нас не недавнє минуле, а всі XXX років американської державності. Багато чого з цього приводу розкажуть індіанці північноамериканського континенту, корейці, в'єтнамці, іракці, панамці, югослави, лівійці, сирійці та багато інших нещасних, кому не пощастило побачити у себе ""вдома"" цих непроханих гостей"". Що передувало: X січня держсекретар США Ентоні Блінкен заявив, що США не порівнюють ситуації в Україні та Казахстані, проте застеріг від того, що росіян може бути складно змусити піти. Передісторія: Протести в Казахстані почалися X січня. X січня уряд Казахстану відправили у відставку, у Казахстані тривали зіткнення, в Алмати люди захопили акимат (адміністрацію). Влада міста почала ""антитерористичну операцію"". Надзвичайний стан запровадили на всій території Казахстану. X січня президент Казахстану Касим-Жомарт Токаєв звернувся до країн учасниць Договору про колективну безпеку (ОДКБ) із проханням ввести війська для боротьби з ""терористами"". Прем'єр Вірменії Нікол Пашинян заявив про ухвалене рішення направити Колективні миротворчі сили ОДКБ до Казахстану з метою стабілізації та нормалізації обстановки. Влада Казахстану після прибуття російських військових заявила, що станом на X січня майже придушила протести і відновила ""порядок"". Токаєв наказав армії стріляти на ураження по мітингувальникам. В ході придушення протестів у країні було вбито і поранено десятки людей. Знати більше: Революція чи російська окупація? Що відбувається у Казахстані та чого чекати","У МЗС РФ відповіли Блінкену: Коли в домі американці, складно залишитися живим",5.0
4045,"airforces,bezpilotnyky","Повітряні сили ввечері збили вісім ""Шахедів"" ","Повітряне командування ""Центр"" знищило 8 іранських дронів-камікадзе ""Shahed-136"" близько 21:00, вдень знищено дві крилаті ракети. Джерело: пресслужба Повітряних сил Дослівно:  ""Шість цих баражуючих боєприпасів збито винищувальною авіацією, зенітними ракетними підрозділами та мобільними вогневими групами ПЗРК. Ще два ""Shahed-136"" збили зенітники  Сухопутних військ"". Деталі: Крім того, близько 15.00 сили ППО збили дві крилаті ракети ""Калібр"", випущені з акваторії Чорного моря. Що цьому передувало: Ввечері 17 жовтня сили ППО збили ворожий безпілотник на Київщині.","['Уночі знищили усі XX російських безпілотників і ракету ', 'Винищувач МіГ-XX знищив ворожий дрон у Запорізькій області', 'Росіяни атакували X ""Шахедами"" і X ракетами, X дронів збили − Повітряні сили ', 'Ворог вночі запустив XX ударний безпілотник: Повітряні сили знищили XX', 'Повітряні сили збили X з X ""Шахедів""', 'Повітряні сили повідомили про пуски ""Шахедів"" із Росії', 'Повітряні сили ввечері збили вісім ""Шахедів"" ', 'X з XX − Повітряні сили розповіли про нічне полювання на ""Шахеди""', 'Ударні БпЛА цієї ночі долетіли на захід', 'Повітряні сили збили X з X ракет та XX з XX російських дронів ']","[6194, 2421, 6725, 2340, 6617, 885, 873, 15, 8234, 5774]","Повітряне командування ""Центр"" знищило X іранських дронів-камікадзе ""Shahed-XXX"" близько XX:XX, вдень знищено дві крилаті ракети. Джерело: пресслужба Повітряних сил Дослівно:  ""Шість цих баражуючих боєприпасів збито винищувальною авіацією, зенітними ракетними підрозділами та мобільними вогневими групами ПЗРК. Ще два ""Shahed-XXX"" збили зенітники  Сухопутних військ"". Деталі: Крім того, близько XX.XX сили ППО збили дві крилаті ракети ""Калібр"", випущені з акваторії Чорного моря. Що цьому передувало: Ввечері XX жовтня сили ППО збили ворожий безпілотник на Київщині.","Повітряні сили ввечері збили вісім ""Шахедів"" ",6.0
9682,"rosija,vijna,khersonska-oblast","ЗСУ знищили два склади боєприпасів і два командні пункти ворога на Херсонщині – ОК ""Південь""  ","Збройні сили України знищили два склади з боєприпасами та два командні пункти у Херсонській області – у Чорнобаївці, Благодатному та Нововоскресенському. Джерело: Оперативне командування ""Південь"" у Facebook В ОК ""Південь"" зазначили, що обстановка в операційній зоні на південнобузькому напрямку стабільно напружена, але контрольована.","['ОК ""Південь"": ЗСУ знищили вузол зв\'язку росіян на Херсонщині', 'До Скадовська зайшла колона окупантів', 'ЗСУ знищили два склади боєприпасів і два командні пункти ворога на Херсонщині – ОК ""Південь""  ', 'Обмінний фонд поповнюється: військові РФ піднімають бунти – ОК ""Південь""', 'Окупанти Херсонщини готують примусову ""евакуацію"" з Каховського району – дані ОВА ', 'Херсонщина: Росіяни притягнули ешелон XX-річних Т-XX — ОК ""Південь""', 'Херсонщина: Росіяни підірвали мости через Інгулець — ОК “Південь”', 'На Херсонщині детонує склад із боєкомплектом росіян – мер ', 'ЗСУ знищили на Херсонщині чотири російські склади боєприпасів', 'Скадовськ: російські військові познімали українські прапори']","[3310, 16, 2648, 8228, 40, 8844, 4774, 8528, 5630, 6612]","Збройні сили України знищили два склади з боєприпасами та два командні пункти у Херсонській області – у Чорнобаївці, Благодатному та Нововоскресенському. Джерело: Оперативне командування ""Південь"" у Facebook В ОК ""Південь"" зазначили, що обстановка в операційній зоні на південнобузькому напрямку стабільно напружена, але контрольована.","ЗСУ знищили два склади боєприпасів і два командні пункти ворога на Херсонщині – ОК ""Південь""  ",2.0
5641,"zaes,zbrojni-sili,zaporizhzhja",У жовтні українська армія здійснила невдалу спробу повернути Запорізьку АЕС – Times ,"У жовтні минулого року українські військові спробували відбити у РФ Запорізьку АЕС, але зазнали невдачі. Джерело: британська газета Times Деталі: Наприкінці жовтня чиновники окупаційних адміністрацій і Міноборони Росії повідомляли про те, що ЗСУ спробували висадити десант і штурмувати ЗАЕС, пише видання. Водночас Київ офіційно не визнавав спроби штурму атомної електростанції, проте представники українського спецпризначенців, військової розвідки і ВМС на умовах анонімності розповіли журналістам Times подробиці операції. На той момент російські війська утримували електростанцію вже понад шість місяців, використовуючи її територію для обстрілу українських міст на іншому березі Дніпра і великого сталеливарного заводу в Нікополі. Як повідомляє Times, у ніч на 19 жовтня близько 600 українських військових на 30 катерах, забитих зброєю, зокрема великокаліберними кулеметами, гранатометами MK-19 і протитанковими засобами, спробували висадитися на лівий берег Дніпра. ""Ідея полягала в тому, що в бою зможе брати участь тільки піхота. Вони не зможуть застосувати проти нас артилерію, оскільки це атомна станція"", – цитує газета одного з військових. Однак солдати ЗСУ, пише газета, не очікували, що їм чинитимуть такий серйозний опір. ""Російські військові побудували дуже щільну оборону, все замінували. Коли ми почали наближатися, вони навіть підтягнули танки й артилерію і почали обстрілювати нас прямо на воді"", – розповів український військовий. ""Поки катери спецназу перепливали Дніпро, українські військові почали обстрілювати позиції росіян, зокрема за допомогою ракетних систем HIMARS. У підсумку тільки невеликій групі українських військових вдалося дістатися до берега. Вони вступили в тригодинну перестрілку з російською армією на околиці Енергодара, але потім змушені були відступити"", – пише видання. Times зазначає, що через ризик витоку радіації подібна спроба силового штурму викликає питання навіть в українських чиновників, які переконані в необхідності повернути Запорізьку АЕС під контроль Києва. Глава українського ""Енергоатому"" Петро Котін висловив припущення, що повернути ЗАЕС вдасться, якщо українська армія зможе просунутися на південь, у бік Криму і Мелітополя. ""Це єдиний варіант (повернути електростанцію – ред.) без безпосереднього обстрілу і прямого наступу на територію станції. Дуже небезпечно робити такі речі (вести вогонь – ред.) поруч із ядерними матеріалами"", – сказав він.","['У жовтні українська армія здійснила невдалу спробу повернути Запорізьку АЕС – Times ', 'В Україні ліквідовані ще понад XXXX окупантів', 'В Запоріжжі теж прибирають захисні споруди. В міськраді пояснили, чому', 'Південь: ЗСУ знищили XX загарбників і ворожі модернізовані танки', 'ЗСУ повідомили про звільнення Благодатного', 'На ЗАЕС окупанти влаштували ""вихідні"" для персоналу, станцію хочуть знеструмити – ГУР', 'Понад XX людей загинули в Запоріжжі від ракет РФ за останні X тижні\xa0– голова ОВА', 'В Україні ліквідовані ще XXX російських вояк', 'У Запоріжжі обговорили план евакуації у випадку вибуху на ЗАЕС', 'ЗАЕС знову на резервній лінії електропередач, працює один енергоблок']","[4684, 4192, 1829, 1387, 7430, 2937, 2940, 1990, 5545, 17]","У жовтні минулого року українські військові спробували відбити у РФ Запорізьку АЕС, але зазнали невдачі. Джерело: британська газета Times Деталі: Наприкінці жовтня чиновники окупаційних адміністрацій і Міноборони Росії повідомляли про те, що ЗСУ спробували висадити десант і штурмувати ЗАЕС, пише видання. Водночас Київ офіційно не визнавав спроби штурму атомної електростанції, проте представники українського спецпризначенців, військової розвідки і ВМС на умовах анонімності розповіли журналістам Times подробиці операції. На той момент російські війська утримували електростанцію вже понад шість місяців, використовуючи її територію для обстрілу українських міст на іншому березі Дніпра і великого сталеливарного заводу в Нікополі. Як повідомляє Times, у ніч на XX жовтня близько XXX українських військових на XX катерах, забитих зброєю, зокрема великокаліберними кулеметами, гранатометами MK-XX і протитанковими засобами, спробували висадитися на лівий берег Дніпра. ""Ідея полягала в тому, що в бою зможе брати участь тільки піхота. Вони не зможуть застосувати проти нас артилерію, оскільки це атомна станція"", – цитує газета одного з військових. Однак солдати ЗСУ, пише газета, не очікували, що їм чинитимуть такий серйозний опір. ""Російські військові побудували дуже щільну оборону, все замінували. Коли ми почали наближатися, вони навіть підтягнули танки й артилерію і почали обстрілювати нас прямо на воді"", – розповів український військовий. ""Поки катери спецназу перепливали Дніпро, українські військові почали обстрілювати позиції росіян, зокрема за допомогою ракетних систем HIMARS. У підсумку тільки невеликій групі українських військових вдалося дістатися до берега. Вони вступили в тригодинну перестрілку з російською армією на околиці Енергодара, але потім змушені були відступити"", – пише видання. Times зазначає, що через ризик витоку радіації подібна спроба силового штурму викликає питання навіть в українських чиновників, які переконані в необхідності повернути Запорізьку АЕС під контроль Києва. Глава українського ""Енергоатому"" Петро Котін висловив припущення, що повернути ЗАЕС вдасться, якщо українська армія зможе просунутися на південь, у бік Криму і Мелітополя. ""Це єдиний варіант (повернути електростанцію – ред.) без безпосереднього обстрілу і прямого наступу на територію станції. Дуже небезпечно робити такі речі (вести вогонь – ред.) поруч із ядерними матеріалами"", – сказав він.",У жовтні українська армія здійснила невдалу спробу повернути Запорізьку АЕС – Times ,0.0
8548,"sbu,zelensky",Зеленський вніс до Ради подання на звільнення Баканова,"Президент Володимир Зеленський вніс до Верховної Ради подання на звільнення Івана Баканова з посади голови Служби безпеки України. Джерело: проєкт поставнови на сайті парламенту, нардеп Ярослав Железняк у Telegram Деталі: Як вказано у документі, представляти це подання на пленарному засіданні Верховної Ради буде представник президента України у Конституційному суді України нардеп від ""Слуги народу"" Федір Веніславський. Железняк стверджує, що питання звільнення Баканова буде першим пунктом порядку денного на найближчому пленарному засіданні. Як свідчить календарний план на сайті ВР та підтвердили УП співрозмовники в депутатських фракціях, засідання має відбутися вже 19 липня. За даними джерел УП, можуть розглянути і питання відставки генпрокурорки Венедіктової (наразі на сайті ВР відповідне подання відсутнє - ред.) Що передувало: 18 липня в ефірі національного телемарафону заступник керівника Офісу президента Андрій Смирнов наголосив, що генпрокурора Ірину Венедіктову та очільника СБУ Івана Баканова не звільнили, а тимчасово відсторонили для проведення розслідування. Зеленський доручив виконувати обов’язки голови СБУ першому заступнику Баканова Василю Малюку. Передісторія: 17 липня Зеленський відсторонив генпрокурора Ірину Венедіктову і усунув від посади главу СБУ Івана Баканова. УП зазначала, що після ""усунення"" Баканова його обов'язки ймовірно виконуватиме його перший заступник Василь Малюк, якого раніше фіксували на скандальному святкуванні дня народження заступника глави Офісу президента Олега Татарова. Джерела УП називали Малюка близькою людиною до Татарова та глави ОПУ Андрія Єрмака. Як писала УП ще на початку червня, у Баканова та Єрмака був давній конфлікт за вплив на президента. Зеленський призначив Василя Малюка на посаду заступника голови Служби безпеки України 28 лютого - у день його народження. До того Малюк встиг пропрацювати 2 тижні заступником голови МВС Монастирського. 21 липня 2021 року президент Зеленський звільнив Василя Малюка з посади першого заступника голови Служби безпеки України - начальника Головного управління по боротьбі з корупцією та організованою злочинністю Центрального управління СБУ.","['Щоб вижити під вогнем ЗСУ, окупанти прикриваються українськими школами - СБУ', 'Зеленський після доповіді СБУ: Є результати в протидії колаборантам', 'Від Києва до Зміїного: Зеленський подякував спецпризначенцям СБУ за круті операції', 'Зеленський вручив погони генералів військовим та правоохоронцям', 'Зеленський про Баканова: Якби хотів, уже звільнив би', 'СБУ розповіла про лайфхаки російських солдат - щоб не померти в Україні', 'Зеленський вніс до Ради подання на звільнення Баканова', 'Зеленський провів ротації у керівництві СБУ', 'Президенти України і Сьєрра-Леоне відновили контакт після XX-річної паузи', 'Зеленський змінив керівника спецпризначенців СБУ']","[7743, 1246, 1133, 2808, 8365, 4689, 7640, 18, 1874, 7947]","Президент Володимир Зеленський вніс до Верховної Ради подання на звільнення Івана Баканова з посади голови Служби безпеки України. Джерело: проєкт поставнови на сайті парламенту, нардеп Ярослав Железняк у Telegram Деталі: Як вказано у документі, представляти це подання на пленарному засіданні Верховної Ради буде представник президента України у Конституційному суді України нардеп від ""Слуги народу"" Федір Веніславський. Железняк стверджує, що питання звільнення Баканова буде першим пунктом порядку денного на найближчому пленарному засіданні. Як свідчить календарний план на сайті ВР та підтвердили УП співрозмовники в депутатських фракціях, засідання має відбутися вже XX липня. За даними джерел УП, можуть розглянути і питання відставки генпрокурорки Венедіктової (наразі на сайті ВР відповідне подання відсутнє - ред.) Що передувало: XX липня в ефірі національного телемарафону заступник керівника Офісу президента Андрій Смирнов наголосив, що генпрокурора Ірину Венедіктову та очільника СБУ Івана Баканова не звільнили, а тимчасово відсторонили для проведення розслідування. Зеленський доручив виконувати обов’язки голови СБУ першому заступнику Баканова Василю Малюку. Передісторія: XX липня Зеленський відсторонив генпрокурора Ірину Венедіктову і усунув від посади главу СБУ Івана Баканова. УП зазначала, що після ""усунення"" Баканова його обов'язки ймовірно виконуватиме його перший заступник Василь Малюк, якого раніше фіксували на скандальному святкуванні дня народження заступника глави Офісу президента Олега Татарова. Джерела УП називали Малюка близькою людиною до Татарова та глави ОПУ Андрія Єрмака. Як писала УП ще на початку червня, у Баканова та Єрмака був давній конфлікт за вплив на президента. Зеленський призначив Василя Малюка на посаду заступника голови Служби безпеки України XX лютого - у день його народження. До того Малюк встиг пропрацювати X тижні заступником голови МВС Монастирського. XX липня XXXX року президент Зеленський звільнив Василя Малюка з посади першого заступника голови Служби безпеки України - начальника Головного управління по боротьбі з корупцією та організованою злочинністю Центрального управління СБУ.",Зеленський вніс до Ради подання на звільнення Баканова,6.0
8214,"zbroja,chorne-more,vijna,zbrojni-sili","Ключовою зброєю ВМС у перші дні війни були міни й ""Байрактари"" – Неїжпапа","Командувач Військово-морських сил Збройних сил України Олексій Неїжпапа розповів, що ВМС у перші дні війни активно використовували протикорабельні міни та безпілотники ""Байрактар"" для захисту морського узбережжя України. Джерело: віце-адмірал Олексій Неїжпапа в інтерв'ю, оприлюдненому ВМС ЗСУ Пряма мова: ""Морально ми всі були готові, готувалися до цього. Кораблі Військово-морських сил були виведенні з пунктів базувань, корабельно-тактичні групи несли службу у морі. Були сформовані групи артилерії на березі, які були у взаємодії з засобами технічної розвідки для виявлення надводних цілей противника"". Деталі: Неїжпапа розповів, що міни на той момент були найпотужнішою зброєю, яка була у ВМС ЗСУ, – ""і вона була застосована"". Потрібно було здійснити мінування десантно-доступних ділянок, щоб не дозволити противнику висадити тактичний десант. Неїжпапа зазначив, що боротьба за висадку десанту – то справа Сухопутних військ, а справа Військово-морських сил – не допустити противника до берега. Пряма мова: ""Щоб зрозуміти, як відбивати ворога, треба мати ситуаційну обізнаність, що в морі відбувається, – щоб приймати правильні рішення. Задача була – розосередження кораблів і несення радіолокаційних дозорів. Вночі всі виходили в море по графіку, незважаючи на великий ризик бути втопленими, кораблі виходили в море – і зараз виходять для того, щоб вийти вперед і подивитися, де ж противник"". За словами командувача ВМС України, ""все, що могло літати, використовувалося на повну"". За словами Неїжпапи, ЧФ РФ є сильним противником, який вважав, що Україна не має військового флоту, – але українцям допомогла навіть ""військова злість"", тому навіть із катерів вдавалося збивати крилаті ракети й літаки.","['Україна переходить у фазу затяжної війни, західна зброя ще не вся на фронті – Резніков', '""Байрактар"" для України від литовців вже у Литві, передадуть найближчим часом ', 'Артилеристи з одного удару знищили розпіарений російський ""Панцир""', 'Корабельне угруповання РФ готове нанести ракетні удари – ОК ""Південь""', 'Ключовою зброєю ВМС у перші дні війни були міни й ""Байрактари"" – Неїжпапа', 'Прем’єр Британії підтвердив Зеленському передачу танків Challenger X', 'В Міноборони показали БМП Bradley після влучання: непересічна бойова живучість', 'Росія знову вивела в Чорне море корабель з ""Калібрами""', 'ЗСУ ліквідували ще XXX окупантів та понад два десятки техніки', 'Українську військову техніку ремонтуватимуть у Болгарії - Зеленський']","[3219, 6913, 6704, 5007, 2685, 8714, 6984, 5453, 2258, 19]","Командувач Військово-морських сил Збройних сил України Олексій Неїжпапа розповів, що ВМС у перші дні війни активно використовували протикорабельні міни та безпілотники ""Байрактар"" для захисту морського узбережжя України. Джерело: віце-адмірал Олексій Неїжпапа в інтерв'ю, оприлюдненому ВМС ЗСУ Пряма мова: ""Морально ми всі були готові, готувалися до цього. Кораблі Військово-морських сил були виведенні з пунктів базувань, корабельно-тактичні групи несли службу у морі. Були сформовані групи артилерії на березі, які були у взаємодії з засобами технічної розвідки для виявлення надводних цілей противника"". Деталі: Неїжпапа розповів, що міни на той момент були найпотужнішою зброєю, яка була у ВМС ЗСУ, – ""і вона була застосована"". Потрібно було здійснити мінування десантно-доступних ділянок, щоб не дозволити противнику висадити тактичний десант. Неїжпапа зазначив, що боротьба за висадку десанту – то справа Сухопутних військ, а справа Військово-морських сил – не допустити противника до берега. Пряма мова: ""Щоб зрозуміти, як відбивати ворога, треба мати ситуаційну обізнаність, що в морі відбувається, – щоб приймати правильні рішення. Задача була – розосередження кораблів і несення радіолокаційних дозорів. Вночі всі виходили в море по графіку, незважаючи на великий ризик бути втопленими, кораблі виходили в море – і зараз виходять для того, щоб вийти вперед і подивитися, де ж противник"". За словами командувача ВМС України, ""все, що могло літати, використовувалося на повну"". За словами Неїжпапи, ЧФ РФ є сильним противником, який вважав, що Україна не має військового флоту, – але українцям допомогла навіть ""військова злість"", тому навіть із катерів вдавалося збивати крилаті ракети й літаки.","Ключовою зброєю ВМС у перші дні війни були міни й ""Байрактари"" – Неїжпапа",4.0
