BAD_ENDING,NUM_WORDS,N_MAIN_CHARACTERS,N_MINOR_CHARACTERS,READING_LEVEL,Unnamed: 0,annotation_id,annotator,comments,created_at,fixed_story,generated_story,id,lead_time,md_errors_fixed_using_model,md_story_before_fixing_errors,md_story_first_attempt,model,others,price,result,status,story_template,temperature,updated_at,whynot
False,500,3,5,graduate student,999,999,999,fake CSV for few-shot validatin,2024-02-13T18:35:03.850724Z,"У розкішному зеленому гаю, де сонячні промені пестили шовковисті трави, жила спритна ластівка на ім'я Орися. Її спів наповнював повітря мелодіями весни, а крила малювали візерунки в блакитному небі. Гай був її раєм, дім, який вона поділяла з безліччю інших лісових мешканців.  Був серед них мудрий старий пугач, Орест. Жила там кмітлива білочка, Тетянка, чий хвіст мерехтів, мов полум'я, коли вона стрибала з гілки на гілку. Поважний їжак, Панас, повільно човгав поміж опалим листям. Ще були спритні мишки, Оленка та Василько, їхні маленькі вушка смикалися від найменшого шурхоту.  Одного дня в гай увірвався незграбний бурий ведмідь. Його грізний рев розлякав менших створінь, а важка хода стрясала землю. Ведмідь заявив, що відтепер гай належить йому, і всі мають підкорятися його наказам. Деякі лісові жителі підкорилися, але Орися спостерігала з тривогою.  Її вільний дух повставав проти грубої влади ведмедя.  ""Цей гай – наш дім"", – сміливо щебетала вона. ""Ми не покинемо його!""  Ведмідь лише заревів у відповідь, обіцяючи неприємності кожному, хто кине йому виклик. Орест, завжди розважливий, радив обережність.  Протистояти ведмедю було нерозумно, казав він, краще почекати і сподіватися, що буря мине.  Але Орисю переповнювало відчуття несправедливості і вона не збиралась миритися. Вона полетіла, шукаючи тих, хто міг би допомогти. Вона благала могутнього орла, проте той відмовився, боячись ведмежої сили. Вона зверталася до стада оленів, але вони лише сумно хитали головами, не бажаючи ризикувати своїми родинами.  Зневірена, Орися повернулася до гаю. Ведмідь тріумфально посміхався, оточений тими, хто обрав підкоритися.  Орися затремтіла – невже вона справді приречена жити під його тиранією?  І тут, крізь хмари, виринуло сонце. Його тепло огортало Орисю, вдихаючи в неї нову рішучість. Маленька ластівка, з серцем, сповненим сміливості, знала, що має зробити. Вона зметнулась у небо, її спів став не піснею,  а бойовим кличем.  Зосередивши весь свій гнів, вона кинулася на ведмедя, клюючи його безстрашно.  Спочатку ведмідь сміявся, відмахувався від крихітної пташки. Та Орися не здавалася. З кожним ударом клюву вона закликала інших повстати.  Спочатку несміливо, а потім все гучніше, лісові жителі почали відповідати – білочка кидала в здорованя шишками, їжак котився клубком, кусаючи за лапи, мишки накидалися на ведмежі ступні. У ведмедя крутилася голова, він був розлючений і розгублений.  З ревом розчарування та люті ведмідь видерся з гаю і зник у темряві лісу. Лісові друзі тріумфували. Вони відвоювали свій дім.  Тієї ночі, під зорями, Орися співала найсолодшу мелодію. Це була пісня єдності, дружби та того, що навіть найменша істота може проявити неймовірну хоробрість, коли захищає те, що дороге.","
Ластівка та ведмідь

У розкішному зеленому гаю, де сонячні промені пестили шовковисті трави, жила спритна ластівка на ім'я Орися. Її спів наповнював повітря мелодіями весни, а крила малювали візерунки в блакитному небі. Гай був її раєм, дім, який вона поділяла з безліччю інших лісових мешканців.

Був серед них мудрий старий пугач, Орест, чиї проникливі очі бачили зміни пір року більше, ніж будь-хто інший.  Жила там кмітлива білочка, Тетянка, чий хвіст мерехтів, мов полум'я, коли вона спритно стрибала з гілки на гілку. Поважний їжак, Панас, повільно човгав поміж опалим листям, його голки завжди напоготові. Ще були спритні мишки-норушки, Оленка та Василько, їхні маленькі вушка смикалися від найменшого шурхоту.

Одного дня в гай увірвався незграбний бурий ведмідь. Його грізний рев розлякав менших створінь, а важка хода стрясала землю. Ведмідь заявив, що відтепер гай належить йому, і всі мають підкорятися його наказам. Деякі лісові жителі зі страхом підкорилися, але Орися спостерігала з тривогою.  Її вільний дух повставав проти грубої влади ведмедя.

""Цей гай – наш дім"", – сміливо щебетала вона. ""Ми не покинемо його!""

Ведмідь лише заревів у відповідь, обіцяючи неприємності кожному, хто кине йому виклик. Орест, завжди розважливий, радив обережність.  Протистояти ведмедю було необачно, він казав, краще почекати і сподіватися, що буря мине.

Але Орисю переповнювало відчуття справедливості. Вона вирушила у політ, шукаючи тих, хто міг би допомогти. Вона благала могутнього орла, проте той відмовився, боячись ведмежої сили. Вона зверталася до стада оленів, але вони лише сумно хитали головами, не бажаючи ризикувати своїми родинами.

Зневірена, Орися повернулася до гаю. Ведмідь тріумфально посміхався, оточений тими, хто обрав підкоритися.  Орися затремтіла – невже вона справді приречена жити під його тиранією?

І тут, крізь хмари, виринуло сонце. Його тепло огортало Орисю, вдихаючи в неї нову рішучість. Маленька ластівка, з серцем, сповненим сміливості, знала, що має зробити. Вона зметнулась у небо, її спів став не піснею,  а бойовим кличем.  Зосередивши весь свій гнів, вона кинулася на ведмедя, клюючи його безстрашно.

Спочатку ведмідь сміявся, відмахувався від крихітної пташки. Та Орися не здавалася. З кожним дзьобом вона закликала інших повстати.  Спочатку несміливо, а потім все гучніше, лісові жителі почали відповідати – білочка кидала в здорованя шишками, їжак котився клубком, кусаючи за лапи, мишки накидалися на ведмежі ступні. У ведмедя запаморочилась голова, він був розлючений і розгублений.

З ревом розчарування та люті ведмідь видерся з гаю і зник у темряві лісу. Лісові друзі тріумфували. Вони відвоювали свій дім.

Тієї ночі, під мерехтливими зорями, Орися співала найсолодшу мелодію. Це була пісня єдності, дружби та того, що навіть найменша істота може проявити неймовірну хоробрість, коли захищає те, що дороге.

",999,1428.836,models/gemini-pro-t:0.95,999,999,models/gemini-pro,,0,usable,,"Please generate a story in Ukrainian about a swallow learning about who the real friends are, with  a bear as antagonist. Make it a metaphor for the Russian-Ukrainian war but make it subtle. It should have about 500 words and at least 5 minor recurring characters. ",999,2024-02-13T18:35:03.850758Z,
